nb_block,nb_chev_filter,nb_time_filter,hidden,time_strides,loss_final,r2_eval_final,loss_eval_final,r2_test,loss_test,loss_nodes
1,2,2,50,2,0.09688714146614075,-1.0047920942306519,0.09117685258388519,-1.2445414717055274,0.09494943916797638,"[0.18051038682460785, 0.06087281554937363, 0.056565381586551666, 0.1316426694393158, 0.07099281251430511, 0.07111172378063202, 0.0562332458794117, 0.13400232791900635, 0.07563592493534088, 0.1294379085302353, 0.07168538868427277, 0.05536869540810585, 0.04268877953290939, 0.11422326415777206, 0.1126641109585762, 0.04735368862748146, 0.18642933666706085, 0.05972671136260033, 0.14405269920825958, 0.17036986351013184, 0.06550915539264679, 0.04214143380522728, 0.10461881011724472]"
1,2,2,80,2,0.09688718616962433,-1.004792332649231,0.09117689728736877,-1.2445439986766973,0.09494953602552414,"[0.1805102527141571, 0.06087276712059975, 0.05656532943248749, 0.131642684340477, 0.0709928348660469, 0.07111170887947083, 0.0562332458794117, 0.13400278985500336, 0.0756361111998558, 0.12943780422210693, 0.0716853216290474, 0.055369749665260315, 0.042688749730587006, 0.11422332376241684, 0.11266423016786575, 0.047353729605674744, 0.18642939627170563, 0.059726737439632416, 0.1440526694059372, 0.17037013173103333, 0.06550915539264679, 0.042141325771808624, 0.10461924225091934]"
1,2,2,100,2,0.09688714146614075,-1.004789113998413,0.09117677062749863,-1.2445431721837552,0.09494948387145996,"[0.1805102527141571, 0.060872774571180344, 0.0565653033554554, 0.13164272904396057, 0.07099282741546631, 0.07111172378063202, 0.0562332421541214, 0.1340024620294571, 0.07563576102256775, 0.12943795323371887, 0.0716853216290474, 0.055369697511196136, 0.04268873855471611, 0.11422327905893326, 0.11266419291496277, 0.047353606671094894, 0.18642933666706085, 0.05972672253847122, 0.144052654504776, 0.17036989331245422, 0.06550914794206619, 0.04214135557413101, 0.10461918264627457]"
1,2,2,50,5,0.3250941336154938,-9.877485275268555,0.32419729232788086,-7.612870903748736,0.32110899686813354,"[0.3344358503818512, 0.2822761833667755, 0.2865068018436432, 0.34409868717193604, 0.33521562814712524, 0.30906328558921814, 0.3112456202507019, 0.3383781313896179, 0.2950023412704468, 0.32360073924064636, 0.3098454773426056, 0.29139086604118347, 0.29489800333976746, 0.33772870898246765, 0.3430887758731842, 0.3115995526313782, 0.37640970945358276, 0.31377124786376953, 0.36623454093933105, 0.3610782325267792, 0.3021480441093445, 0.31061267852783203, 0.30687782168388367]"
1,2,2,80,5,0.3250941336154938,-9.877485275268555,0.32419729232788086,-7.612870893464292,0.32110899686813354,"[0.3344358503818512, 0.2822762131690979, 0.2865068316459656, 0.34409868717193604, 0.33521562814712524, 0.30906328558921814, 0.3112456500530243, 0.3383781313896179, 0.2950023412704468, 0.32360073924064636, 0.3098454773426056, 0.2913908362388611, 0.29489800333976746, 0.33772870898246765, 0.3430887758731842, 0.3115995526313782, 0.37640970945358276, 0.31377124786376953, 0.36623454093933105, 0.3610782325267792, 0.30214807391166687, 0.31061267852783203, 0.30687785148620605]"
1,2,2,100,5,0.3250941336154938,-9.877485275268555,0.32419729232788086,-7.612870925731016,0.32110899686813354,"[0.3344358503818512, 0.2822762131690979, 0.2865068018436432, 0.34409868717193604, 0.33521562814712524, 0.30906328558921814, 0.3112456500530243, 0.3383781313896179, 0.2950023412704468, 0.32360073924064636, 0.3098454773426056, 0.2913908362388611, 0.29489800333976746, 0.33772870898246765, 0.3430887758731842, 0.3115995526313782, 0.37640970945358276, 0.31377124786376953, 0.36623454093933105, 0.3610782325267792, 0.3021480441093445, 0.31061267852783203, 0.30687785148620605]"
1,2,2,50,10,0.05835132673382759,-0.17026479542255402,0.051636405289173126,-0.38875665967381096,0.0584007203578949,"[0.03730423003435135, 0.06171640381217003, 0.064768947660923, 0.07719988375902176, 0.0729144737124443, 0.0908217579126358, 0.06292033195495605, 0.07167018204927444, 0.07806562632322311, 0.06315607577562332, 0.06724423915147781, 0.04946846142411232, 0.034647151827812195, 0.036982715129852295, 0.04809386283159256, 0.04681366682052612, 0.05887150764465332, 0.05801182612776756, 0.06742848455905914, 0.061953987926244736, 0.06204085424542427, 0.0306519977748394, 0.04046976938843727]"
1,2,2,80,10,0.05846112594008446,-0.1714753359556198,0.051649484783411026,-0.3925105919257441,0.05863047018647194,"[0.03741450235247612, 0.06204807758331299, 0.06608489155769348, 0.07829973101615906, 0.07394643127918243, 0.09283982962369919, 0.06328605115413666, 0.0717817097902298, 0.07725410163402557, 0.06275516748428345, 0.06726367026567459, 0.0495234951376915, 0.03464779257774353, 0.03701717406511307, 0.048118945211172104, 0.04680786281824112, 0.059014081954956055, 0.05825196951627731, 0.06768972426652908, 0.06196066737174988, 0.061201438307762146, 0.030624309554696083, 0.040668945759534836]"
1,2,2,100,10,0.05840562656521797,-0.17134621739387512,0.05164531245827675,-0.39160575805772546,0.05842331424355507,"[0.037348028272390366, 0.06162675470113754, 0.06484830379486084, 0.07731691747903824, 0.07324947416782379, 0.09173549711704254, 0.06292979419231415, 0.07182922214269638, 0.07691191136837006, 0.06235656142234802, 0.06734573841094971, 0.049628958106040955, 0.034644898027181625, 0.03699169307947159, 0.0480925552546978, 0.04680666700005531, 0.05889806151390076, 0.05782323330640793, 0.06770428270101547, 0.06209269538521767, 0.06197674944996834, 0.030628999695181847, 0.040949270129203796]"
1,4,4,50,2,0.21026715636253357,-6.001720905303955,0.21453145146369934,-4.166190761398831,0.2104453444480896,"[0.17156285047531128, 0.19792909920215607, 0.20479261875152588, 0.20511487126350403, 0.23872357606887817, 0.21974849700927734, 0.22351191937923431, 0.2023271918296814, 0.20708835124969482, 0.19067370891571045, 0.22170938551425934, 0.21132290363311768, 0.21855653822422028, 0.21093615889549255, 0.21073083579540253, 0.22733812034130096, 0.1977863907814026, 0.22643864154815674, 0.22055742144584656, 0.19283786416053772, 0.2180403769016266, 0.23179744184017181, 0.1907179355621338]"
1,4,4,80,2,0.21026748418807983,-6.001729965209961,0.2145317643880844,-4.166198507643174,0.21044567227363586,"[0.17156292498111725, 0.19792936742305756, 0.20479291677474976, 0.20511536300182343, 0.238724023103714, 0.21974895894527435, 0.22351239621639252, 0.20232754945755005, 0.20708847045898438, 0.1906740516424179, 0.22170966863632202, 0.2113230675458908, 0.21855656802654266, 0.21093666553497314, 0.21073128283023834, 0.22733843326568604, 0.19778668880462646, 0.22643910348415375, 0.2205577790737152, 0.19283819198608398, 0.2180406153202057, 0.2317974865436554, 0.19071809947490692]"
1,4,4,100,2,0.21026743948459625,-6.001728534698486,0.21453167498111725,-4.166197633279351,0.2104455977678299,"[0.17156296968460083, 0.19792936742305756, 0.20479273796081543, 0.20511527359485626, 0.2387239784002304, 0.21974879503250122, 0.22351224720478058, 0.20232753455638885, 0.20708836615085602, 0.1906738579273224, 0.22170953452587128, 0.21132303774356842, 0.2185564935207367, 0.21093687415122986, 0.21073119342327118, 0.22733837366104126, 0.1977865993976593, 0.22643901407718658, 0.22055752575397491, 0.19283805787563324, 0.21804063022136688, 0.23179741203784943, 0.19071820378303528]"
1,4,4,50,5,0.4153633117675781,-14.756658554077148,0.4218195378780365,-11.663722909801631,0.41425150632858276,"[0.3402698040008545, 0.39192718267440796, 0.40450310707092285, 0.4033180773258209, 0.46667537093162537, 0.4297164976596832, 0.4415796399116516, 0.3975164294242859, 0.40488165616989136, 0.375042587518692, 0.4328387677669525, 0.4173998534679413, 0.43416428565979004, 0.415780633687973, 0.4170297384262085, 0.44963768124580383, 0.38840019702911377, 0.44424641132354736, 0.43205979466438293, 0.3796229064464569, 0.4259384870529175, 0.46058526635169983, 0.374650776386261]"
1,4,4,80,5,0.41536352038383484,-14.756664276123047,0.4218197762966156,-11.663727874170146,0.4142517149448395,"[0.34026992321014404, 0.3919273316860199, 0.40450331568717957, 0.40331852436065674, 0.46667584776878357, 0.4297167658805847, 0.4415798783302307, 0.3975166976451874, 0.40488189458847046, 0.3750428259372711, 0.4328390061855316, 0.4174000322818756, 0.4341643452644348, 0.41578081250190735, 0.4170299172401428, 0.4496380090713501, 0.3884004056453705, 0.44424673914909363, 0.4320600926876068, 0.3796231150627136, 0.4259386658668518, 0.4605853855609894, 0.3746509253978729]"
1,4,4,100,5,0.415363609790802,-14.756665229797363,0.4218198359012604,-11.663729998845023,0.41425180435180664,"[0.340270072221756, 0.3919275403022766, 0.40450340509414673, 0.40331852436065674, 0.4666759669780731, 0.4297168254852295, 0.4415799379348755, 0.39751675724983215, 0.4048819839954376, 0.37504294514656067, 0.43283915519714355, 0.4174001216888428, 0.4341643452644348, 0.4157809019088745, 0.4170300364494324, 0.4496380686759949, 0.3884004056453705, 0.444246768951416, 0.4320601224899292, 0.3796231746673584, 0.42593881487846375, 0.46058541536331177, 0.3746509552001953]"
1,4,4,50,10,0.061431027948856354,-0.6467544436454773,0.06468981504440308,-0.3900090056712704,0.06404922902584076,"[0.04926789924502373, 0.05628178268671036, 0.05966091528534889, 0.06439056992530823, 0.07453205436468124, 0.07162441313266754, 0.06564124673604965, 0.06711027771234512, 0.06866300851106644, 0.060783322900533676, 0.07075191289186478, 0.06253214180469513, 0.059683676809072495, 0.05982249975204468, 0.061316706240177155, 0.06528379023075104, 0.06476138532161713, 0.06886246800422668, 0.0695343092083931, 0.061729516834020615, 0.06847868859767914, 0.06298290193080902, 0.05943696200847626]"
1,4,4,80,10,0.061431266367435455,-0.646764874458313,0.06468997150659561,-0.3900158934296399,0.06404935568571091,"[0.04926786944270134, 0.05628189444541931, 0.05966108292341232, 0.06439082324504852, 0.07453219592571259, 0.07162469625473022, 0.06564142554998398, 0.06711041927337646, 0.06866315007209778, 0.060783542692661285, 0.07075199484825134, 0.06253227591514587, 0.059683773666620255, 0.0598222017288208, 0.06131681054830551, 0.06528390198945999, 0.06476162374019623, 0.06886260211467743, 0.0695342943072319, 0.06172966957092285, 0.06847876310348511, 0.0629829689860344, 0.0594370998442173]"
1,4,4,100,10,0.06143132597208023,-0.646774411201477,0.06469012051820755,-0.390014649096795,0.06404929608106613,"[0.04926786199212074, 0.056281980127096176, 0.0596611388027668, 0.06439077854156494, 0.07453220337629318, 0.0716247409582138, 0.065641388297081, 0.06711036711931229, 0.0686630830168724, 0.0607835091650486, 0.07075181603431702, 0.0625322163105011, 0.05968372896313667, 0.05982240289449692, 0.061316732317209244, 0.06528384983539581, 0.06476140022277832, 0.0688626766204834, 0.0695340633392334, 0.061729561537504196, 0.06847856193780899, 0.0629829466342926, 0.05943691357970238]"
1,8,8,50,2,0.20708364248275757,-6.3643479347229,0.21247801184654236,-4.723639620570229,0.20743811130523682,"[0.16885001957416534, 0.19495004415512085, 0.20150917768478394, 0.2012900412082672, 0.2334558218717575, 0.21561944484710693, 0.22044681012630463, 0.1992568075656891, 0.20410828292369843, 0.18774890899658203, 0.21831965446472168, 0.2089870423078537, 0.2170245498418808, 0.20844899117946625, 0.20798203349113464, 0.22474485635757446, 0.19554011523723602, 0.2223263382911682, 0.21703527867794037, 0.19000226259231567, 0.21482382714748383, 0.22995005548000336, 0.188655823469162]"
1,8,8,80,2,0.20708361268043518,-6.364347457885742,0.21247798204421997,-4.723639146497125,0.20743809640407562,"[0.16885000467300415, 0.19495002925395966, 0.20150916278362274, 0.20128996670246124, 0.2334558218717575, 0.21561937034130096, 0.22044673562049866, 0.1992567926645279, 0.20410819351673126, 0.18774890899658203, 0.2183196097612381, 0.20898698270320892, 0.21702447533607483, 0.20844919979572296, 0.2079821079969406, 0.22474484145641327, 0.19554005563259125, 0.22232626378536224, 0.21703515946865082, 0.19000226259231567, 0.21482382714748383, 0.2299502044916153, 0.18865591287612915]"
1,8,8,100,2,0.207083597779274,-6.364348888397217,0.21247801184654236,-4.723638456591416,0.20743808150291443,"[0.16885001957416534, 0.19495001435279846, 0.20150917768478394, 0.20128993690013885, 0.2334558367729187, 0.21561932563781738, 0.22044678032398224, 0.19925673305988312, 0.2041081041097641, 0.18774887919425964, 0.21831953525543213, 0.20898686349391937, 0.21702447533607483, 0.2084493190050125, 0.20798207819461823, 0.22474482655525208, 0.19553999602794647, 0.22232630848884583, 0.217035174369812, 0.19000224769115448, 0.21482375264167786, 0.22995014488697052, 0.1886557936668396]"
1,8,8,50,5,0.108751580119133,-2.844691038131714,0.11279591172933578,-2.0181955564480516,0.11069297045469284,"[0.08864117413759232, 0.10175135731697083, 0.1061563789844513, 0.10854405909776688, 0.12629465758800507, 0.11788211762905121, 0.11619564890861511, 0.10844996571540833, 0.11196542531251907, 0.10169494897127151, 0.11907642334699631, 0.11040735244750977, 0.11162615567445755, 0.10844854265451431, 0.10905256122350693, 0.11769289523363113, 0.10629589110612869, 0.11936689168214798, 0.11750641465187073, 0.10323674976825714, 0.11665880680084229, 0.11806198209524155, 0.100931815803051]"
1,8,8,80,5,0.10875158756971359,-2.8446896076202393,0.1127958819270134,-2.0181933411412505,0.11069289594888687,"[0.08864114433526993, 0.10175129026174545, 0.10615638643503189, 0.10854394733905792, 0.12629452347755432, 0.11788194626569748, 0.1161956787109375, 0.10844989120960236, 0.11196529120206833, 0.10169479250907898, 0.11907630413770676, 0.110407255589962, 0.11162614077329636, 0.10844846069812775, 0.10905247926712036, 0.11769283562898636, 0.10629585385322571, 0.11936689913272858, 0.11750628799200058, 0.10323665291070938, 0.1166587844491005, 0.11806195974349976, 0.1009318009018898]"
1,8,8,100,5,0.1087515652179718,-2.8446900844573975,0.11279591172933578,-2.0181937378213086,0.11069292575120926,"[0.08864112943410873, 0.10175135731697083, 0.1061563566327095, 0.10854391753673553, 0.1262945830821991, 0.11788196861743927, 0.1161956712603569, 0.10844992846250534, 0.1119653582572937, 0.10169480741024017, 0.11907637864351273, 0.11040732264518738, 0.11162613332271576, 0.10844859480857849, 0.10905256122350693, 0.11769284307956696, 0.1062958836555481, 0.11936694383621216, 0.11750634014606476, 0.103236623108387, 0.11665884405374527, 0.11806196719408035, 0.100931815803051]"
1,8,8,50,10,0.011212058365345001,0.6967832446098328,0.01237921416759491,0.6561955251783164,0.014705976471304893,"[0.007649064529687166, 0.009420567192137241, 0.010737310163676739, 0.01545898150652647, 0.017792321741580963, 0.020888155326247215, 0.012195137329399586, 0.020564522594213486, 0.022272884845733643, 0.01584881916642189, 0.021982312202453613, 0.013131530955433846, 0.007027256302535534, 0.00801782961934805, 0.010708661749958992, 0.010642836801707745, 0.019846951588988304, 0.014811400324106216, 0.019644711166620255, 0.01628834195435047, 0.02031542733311653, 0.006661924999207258, 0.016330501064658165]"
1,8,8,80,10,0.011212192475795746,0.6967750191688538,0.012379386462271214,0.6561869833238063,0.01470622606575489,"[0.007649087347090244, 0.009420499205589294, 0.010737396776676178, 0.015459620393812656, 0.017792226746678352, 0.020888837054371834, 0.012195820920169353, 0.020564716309309006, 0.022273125126957893, 0.015848947688937187, 0.021982701495289803, 0.013131773099303246, 0.007027469575405121, 0.008018353022634983, 0.010708756744861603, 0.010642873123288155, 0.019847312942147255, 0.014811435714364052, 0.01964500918984413, 0.016288474202156067, 0.02031584642827511, 0.006662089377641678, 0.016330817714333534]"
1,8,8,100,10,0.011212111450731754,0.6967822313308716,0.012379264459013939,0.6561944343271653,0.014706030488014221,"[0.007649074774235487, 0.00942044798284769, 0.010737239383161068, 0.015459141694009304, 0.017792340368032455, 0.02088838443160057, 0.012195312418043613, 0.020564552396535873, 0.022272989153862, 0.015848934650421143, 0.021982379257678986, 0.013131566345691681, 0.007027235347777605, 0.008018157444894314, 0.010708616115152836, 0.010642803274095058, 0.019846998155117035, 0.014811408706009388, 0.019644713029265404, 0.016288472339510918, 0.02031550742685795, 0.006661918945610523, 0.016330523416399956]"
2,2,2,50,2,0.1426449716091156,-3.2495968341827393,0.13773858547210693,-2.813153971994445,0.14020764827728271,"[0.2026045173406601, 0.10302137583494186, 0.1009807139635086, 0.1780582219362259, 0.12592999637126923, 0.11818959563970566, 0.10841407626867294, 0.17657659947872162, 0.1174105852842331, 0.17047587037086487, 0.1166381686925888, 0.10147174447774887, 0.0886128693819046, 0.1570896953344345, 0.1638636589050293, 0.10218720883131027, 0.2296925187110901, 0.11160259693861008, 0.18807516992092133, 0.21523123979568481, 0.11040158569812775, 0.091263048350811, 0.1469845175743103]"
2,2,2,80,2,0.14258068799972534,-3.248818874359131,0.1377296894788742,-2.812790156566823,0.1401982307434082,"[0.20264624059200287, 0.1030229702591896, 0.10098174214363098, 0.17807500064373016, 0.12591244280338287, 0.11818651854991913, 0.10840152204036713, 0.17659635841846466, 0.11741814017295837, 0.17050260305404663, 0.11663324385881424, 0.10120771825313568, 0.08854877203702927, 0.15709112584590912, 0.16386987268924713, 0.10216794908046722, 0.22972404956817627, 0.11158591508865356, 0.18808196485042572, 0.21526367962360382, 0.11039800196886063, 0.09123721718788147, 0.14700601994991302]"
2,2,2,100,2,0.14258112013339996,-3.248833417892456,0.1377299726009369,-2.8127984399772674,0.1401982307434082,"[0.2026471346616745, 0.10302309691905975, 0.10098181664943695, 0.17807519435882568, 0.125912144780159, 0.11818650364875793, 0.10840130597352982, 0.17659693956375122, 0.1174183264374733, 0.17050319910049438, 0.11663316935300827, 0.1012055054306984, 0.08854852616786957, 0.15709127485752106, 0.1638699322938919, 0.10216755419969559, 0.2297246903181076, 0.11158580332994461, 0.18808187544345856, 0.21526429057121277, 0.11039794236421585, 0.09123677760362625, 0.14700643718242645]"
2,2,2,50,5,0.2311810553073883,-6.175002574920654,0.23142199218273163,-5.330230440116303,0.22857050597667694,"[0.2690587341785431, 0.19269372522830963, 0.1936928629875183, 0.26133760809898376, 0.23010873794555664, 0.21345150470733643, 0.20950308442115784, 0.2578100562095642, 0.20621319115161896, 0.2474934458732605, 0.21303629875183105, 0.19512054324150085, 0.1913861632347107, 0.20062460005283356, 0.25348949432373047, 0.20645485818386078, 0.3036717176437378, 0.21235142648220062, 0.2771834135055542, 0.28868287801742554, 0.2060975432395935, 0.20038427412509918, 0.2272747904062271]"
2,2,2,80,5,0.23272055387496948,-6.168939113616943,0.23140886425971985,-5.364458841598318,0.230519101023674,"[0.26856422424316406, 0.19255171716213226, 0.19366540014743805, 0.2609538733959198, 0.23051543533802032, 0.21352143585681915, 0.20979195833206177, 0.25735050439834595, 0.2060394585132599, 0.24687281250953674, 0.2131490707397461, 0.19521558284759521, 0.19173963367938995, 0.2473377138376236, 0.2533458471298218, 0.20686304569244385, 0.30294179916381836, 0.21262744069099426, 0.27702194452285767, 0.2879314124584198, 0.20618315041065216, 0.20097845792770386, 0.2267775982618332]"
2,2,2,100,5,0.23121939599514008,-6.175203323364258,0.2314295470714569,-5.3309488435738155,0.2286020815372467,"[0.26907825469970703, 0.19269412755966187, 0.19369301199913025, 0.2613380551338196, 0.23010782897472382, 0.21345168352127075, 0.20950236916542053, 0.2578105926513672, 0.2062138170003891, 0.2474948763847351, 0.2130362093448639, 0.19512046873569489, 0.19138532876968384, 0.20133505761623383, 0.2534886300563812, 0.2064540535211563, 0.30367133021354675, 0.2123507857322693, 0.27718207240104675, 0.28868263959884644, 0.20609751343727112, 0.20038296282291412, 0.22727596759796143]"
2,2,2,50,10,0.2334650605916977,-5.637312412261963,0.23171330988407135,-4.748536500966597,0.2307378053665161,"[0.26811373233795166, 0.19281046092510223, 0.19398003816604614, 0.26109927892684937, 0.23098909854888916, 0.2138267159461975, 0.21022291481494904, 0.2572936713695526, 0.2063085287809372, 0.24690881371498108, 0.21346540749073029, 0.1955156922340393, 0.19213253259658813, 0.2474939078092575, 0.2537146210670471, 0.20736022293567657, 0.30280235409736633, 0.21305067837238312, 0.2772943079471588, 0.2879032492637634, 0.2064993977546692, 0.20135504007339478, 0.22682830691337585]"
2,2,2,80,10,0.2334643006324768,-5.637289524078369,0.23171265423297882,-4.74853023087653,0.23073776066303253,"[0.26811373233795166, 0.19281050562858582, 0.19397999346256256, 0.2611001431941986, 0.23098914325237274, 0.21382662653923035, 0.21022236347198486, 0.2572908401489258, 0.2063075453042984, 0.24690738320350647, 0.21346721053123474, 0.19551768898963928, 0.19213168323040009, 0.24749410152435303, 0.25371497869491577, 0.20735803246498108, 0.3028048276901245, 0.21304981410503387, 0.27729469537734985, 0.28790661692619324, 0.20649896562099457, 0.20135101675987244, 0.22683124244213104]"
2,2,2,100,10,0.23346520960330963,-5.637318134307861,0.2317134588956833,-4.748538682910217,0.2307378351688385,"[0.2681138813495636, 0.192810520529747, 0.193979874253273, 0.261099249124527, 0.230989009141922, 0.21382679045200348, 0.21022294461727142, 0.257294237613678, 0.20630870759487152, 0.24690915644168854, 0.21346509456634521, 0.1955154836177826, 0.19213265180587769, 0.24749377369880676, 0.2537147104740143, 0.20736069977283478, 0.30280253291130066, 0.2130509465932846, 0.2772943377494812, 0.2879023849964142, 0.20649944245815277, 0.2013562023639679, 0.22682738304138184]"
2,4,4,50,2,0.15923847258090973,-4.61870813369751,0.1617944836616516,-3.38121940604202,0.16003136336803436,"[0.12852393090724945, 0.14940913021564484, 0.1550416499376297, 0.1552858054637909, 0.18204239010810852, 0.16711929440498352, 0.16871002316474915, 0.15526992082595825, 0.15907467901706696, 0.14590777456760406, 0.16911068558692932, 0.16122578084468842, 0.1661374270915985, 0.15822915732860565, 0.15966352820396423, 0.1721610277891159, 0.15200550854206085, 0.17406108975410461, 0.16810671985149384, 0.14773380756378174, 0.1662815660238266, 0.17441028356552124, 0.1452103704214096]"
2,4,4,80,2,0.1592385172843933,-4.618973255157471,0.16180458664894104,-3.381433340841627,0.1600387990474701,"[0.12851330637931824, 0.1494525671005249, 0.15505348145961761, 0.155299574136734, 0.18204045295715332, 0.16713958978652954, 0.1687145084142685, 0.1552695333957672, 0.1590738147497177, 0.14590704441070557, 0.16911056637763977, 0.16131696105003357, 0.16612619161605835, 0.15823230147361755, 0.15966488420963287, 0.17216038703918457, 0.15200859308242798, 0.1740630567073822, 0.1681068390607834, 0.14773529767990112, 0.16628168523311615, 0.17440879344940186, 0.14521245658397675]"
2,4,4,100,2,0.15923847258090973,-4.618971347808838,0.16180455684661865,-3.381434153986808,0.16003884375095367,"[0.12851333618164062, 0.1494528353214264, 0.15505357086658478, 0.15529976785182953, 0.18204060196876526, 0.16713973879814148, 0.16871465742588043, 0.1552695482969284, 0.1590738147497177, 0.14590702950954437, 0.1691105216741562, 0.1613176167011261, 0.16612616181373596, 0.1582324057817459, 0.15966497361660004, 0.172160342335701, 0.15200859308242798, 0.17406313121318817, 0.16810666024684906, 0.14773529767990112, 0.1662815362215042, 0.17440879344940186, 0.1452123522758484]"
2,4,4,50,5,0.05848152935504913,-0.5308828949928284,0.06098118796944618,-0.2934969301391018,0.05950770527124405,"[0.046525631099939346, 0.0521082729101181, 0.05422114580869675, 0.05702744796872139, 0.0649084597826004, 0.06340642273426056, 0.06461577862501144, 0.06172363832592964, 0.06227290630340576, 0.05813699588179588, 0.06723019480705261, 0.06026012450456619, 0.05725647136569023, 0.05668860673904419, 0.05639081075787544, 0.06079849600791931, 0.057717062532901764, 0.06520137190818787, 0.06438030302524567, 0.05734194070100784, 0.06372150033712387, 0.06209971010684967, 0.05464392900466919]"
2,4,4,80,5,0.05848158523440361,-0.5308854579925537,0.06098135560750961,-0.29350003122866214,0.05950791388750076,"[0.04652527719736099, 0.05210833624005318, 0.05422140657901764, 0.057028140872716904, 0.06490851938724518, 0.06340690702199936, 0.0646168664097786, 0.06172369420528412, 0.06227302551269531, 0.05813717097043991, 0.06723031401634216, 0.06026024743914604, 0.05725667253136635, 0.05668885260820389, 0.05639113113284111, 0.0607987642288208, 0.05771720036864281, 0.06520193070173264, 0.06438033282756805, 0.05734216421842575, 0.06372150033712387, 0.062099751085042953, 0.05464393272995949]"
2,4,4,100,5,0.05848155915737152,-0.5308837294578552,0.06098130717873573,-0.2935010749518115,0.059507954865694046,"[0.046525564044713974, 0.05210815370082855, 0.05422123149037361, 0.05702781304717064, 0.06490827351808548, 0.06340666115283966, 0.06461654603481293, 0.0617237463593483, 0.062273167073726654, 0.05813734978437424, 0.06723043322563171, 0.06026029959321022, 0.057256538420915604, 0.05668984726071358, 0.05639130622148514, 0.060798946768045425, 0.05771743506193161, 0.06520197540521622, 0.06438042223453522, 0.057342227548360825, 0.06372156739234924, 0.06209961697459221, 0.054643966257572174]"
2,4,4,50,10,0.11342604458332062,-2.46846079826355,0.11568306386470795,-1.5367668870420073,0.1158723309636116,"[0.09301500022411346, 0.10442297905683517, 0.10937640070915222, 0.11418194323778152, 0.13081416487693787, 0.12381982058286667, 0.1201288104057312, 0.11678329110145569, 0.11985137313604355, 0.110450878739357, 0.1255084127187729, 0.11573299020528793, 0.113731250166893, 0.1113036647439003, 0.11306971311569214, 0.12083083391189575, 0.11283032596111298, 0.1229410320520401, 0.12342295795679092, 0.11049090325832367, 0.12417963892221451, 0.12178845703601837, 0.10638882219791412]"
2,4,4,80,10,0.11344699561595917,-2.4711179733276367,0.11573048681020737,-1.5390532607666283,0.11592268943786621,"[0.09309178590774536, 0.10448754578828812, 0.10944908857345581, 0.11422398686408997, 0.13085418939590454, 0.1238802894949913, 0.12019069492816925, 0.11682412028312683, 0.11990034580230713, 0.11050949990749359, 0.12554655969142914, 0.11581321805715561, 0.1137651726603508, 0.1113363727927208, 0.11311960965394974, 0.12086858600378036, 0.11289452016353607, 0.12299362570047379, 0.12345758825540543, 0.1105242371559143, 0.124249666929245, 0.12179207056760788, 0.10644935071468353]"
2,4,4,100,10,0.11344318836927414,-2.470722198486328,0.11572329699993134,-1.538628433352977,0.11591260880231857,"[0.09308833628892899, 0.10447809100151062, 0.10942927747964859, 0.11421742290258408, 0.1308489888906479, 0.12387090176343918, 0.12017469108104706, 0.11681347340345383, 0.11988982558250427, 0.11048771440982819, 0.1255352944135666, 0.11579526960849762, 0.11375795304775238, 0.11133608222007751, 0.11310911923646927, 0.12086305022239685, 0.11288202553987503, 0.12297634035348892, 0.12345331162214279, 0.11051295697689056, 0.12424380332231522, 0.12179060280323029, 0.10643532872200012]"
2,8,8,50,2,0.005874278023838997,0.8419660925865173,0.006998374592512846,0.8208999545586178,0.007689866237342358,"[0.002768623875454068, 0.004293796140700579, 0.00669190613552928, 0.008561767637729645, 0.009918137453496456, 0.011267034336924553, 0.006398232653737068, 0.010562962852418423, 0.011725220829248428, 0.008790744468569756, 0.010871639475226402, 0.006355177611112595, 0.003477415069937706, 0.005039236042648554, 0.005291433073580265, 0.005691904108971357, 0.010626966133713722, 0.009395943023264408, 0.009436782449483871, 0.009028215892612934, 0.009630990214645863, 0.0034085861407220364, 0.007634202484041452]"
2,8,8,80,2,0.005874050781130791,0.8419704437255859,0.006998039782047272,0.8209008721917033,0.0076896268874406815,"[0.002768364269286394, 0.004293669480830431, 0.0066917953081429005, 0.008561519905924797, 0.009916656650602818, 0.011266914196312428, 0.006398921832442284, 0.010562472976744175, 0.01172646600753069, 0.008790845982730389, 0.010871754959225655, 0.006355322897434235, 0.003476796904578805, 0.005039079114794731, 0.005291604902595282, 0.005691893864423037, 0.010626174509525299, 0.009395346976816654, 0.009436061605811119, 0.009027871303260326, 0.009631628170609474, 0.0034082322381436825, 0.0076319812797009945]"
2,8,8,100,2,0.005874119699001312,0.8419710993766785,0.006998161319643259,0.8209069752407868,0.007689540274441242,"[0.002768444363027811, 0.004293666686862707, 0.006691859569400549, 0.008561328053474426, 0.009917370975017548, 0.011266945861279964, 0.006398768164217472, 0.010562796145677567, 0.011725060641765594, 0.008790381252765656, 0.010871604084968567, 0.006354881450533867, 0.0034773247316479683, 0.00503917969763279, 0.005291438661515713, 0.00569183100014925, 0.010626803152263165, 0.009394553489983082, 0.009435833431780338, 0.009028319269418716, 0.009631052613258362, 0.003408248769119382, 0.007631709333509207]"
2,8,8,50,5,0.20827244222164154,-5.851962566375732,0.21265441179275513,-3.8500443877367614,0.2082955539226532,"[0.16961179673671722, 0.19588088989257812, 0.20291611552238464, 0.20248767733573914, 0.2345915138721466, 0.21661606431007385, 0.22178912162780762, 0.1996999830007553, 0.2046930342912674, 0.1886553168296814, 0.2180538773536682, 0.20972348749637604, 0.2174060195684433, 0.20870386064052582, 0.20880074799060822, 0.22543494403362274, 0.19578604400157928, 0.22342795133590698, 0.2174050211906433, 0.19128239154815674, 0.21566839516162872, 0.23144450783729553, 0.19071891903877258]"
2,8,8,80,5,0.20827241241931915,-5.851963043212891,0.21265439689159393,-3.8500472952193543,0.20829570293426514,"[0.16961191594600677, 0.19588083028793335, 0.20291687548160553, 0.20248857140541077, 0.2345917969942093, 0.2166166454553604, 0.2217901200056076, 0.19969995319843292, 0.20469282567501068, 0.1886550784111023, 0.21805338561534882, 0.2097233086824417, 0.21740593016147614, 0.20870433747768402, 0.20880068838596344, 0.22543486952781677, 0.19578608870506287, 0.2234279066324234, 0.21740520000457764, 0.1912824809551239, 0.2156691551208496, 0.2314443588256836, 0.19071848690509796]"
2,8,8,100,5,0.20827250182628632,-5.85196590423584,0.21265442669391632,-3.8500497398711526,0.20829574763774872,"[0.16961170732975006, 0.19588087499141693, 0.2029164582490921, 0.2024887502193451, 0.2345917671918869, 0.21661695837974548, 0.22179003059864044, 0.19970004260540009, 0.20469315350055695, 0.1886548548936844, 0.2180536836385727, 0.20972314476966858, 0.21740590035915375, 0.20870421826839447, 0.20880062878131866, 0.22543483972549438, 0.19578605890274048, 0.22342802584171295, 0.21740537881851196, 0.19128252565860748, 0.21566906571388245, 0.23144477605819702, 0.19071903824806213]"
2,8,8,50,10,0.01055928971618414,0.7317206859588623,0.011885838583111763,0.6944117340476632,0.013797370716929436,"[0.0069884140975773335, 0.008451520465314388, 0.011671017855405807, 0.016085980460047722, 0.018034541979432106, 0.022194750607013702, 0.012757526710629463, 0.01885075494647026, 0.02034790813922882, 0.014788500033318996, 0.019216075539588928, 0.011975603178143501, 0.0059495000168681145, 0.009724182076752186, 0.009656471200287342, 0.009795265272259712, 0.016909487545490265, 0.015639303252100945, 0.017208954319357872, 0.015135609544813633, 0.01654541678726673, 0.006082738284021616, 0.01333001907914877]"
2,8,8,80,10,0.010559306479990482,0.7317171096801758,0.011885784566402435,0.6944088619666807,0.01379735954105854,"[0.006988527253270149, 0.008451638743281364, 0.01167219877243042, 0.016085250303149223, 0.01803446374833584, 0.02219618670642376, 0.01275750994682312, 0.018849758431315422, 0.02034773677587509, 0.01478891633450985, 0.019215300679206848, 0.011974040418863297, 0.005949049722403288, 0.009723157621920109, 0.00965791568160057, 0.009795592166483402, 0.016909902915358543, 0.01563955657184124, 0.017208300530910492, 0.015135073103010654, 0.016545400023460388, 0.006083786953240633, 0.013330000452697277]"
2,8,8,100,10,0.010559282265603542,0.731723427772522,0.011885772459208965,0.6944113760629164,0.013797392137348652,"[0.0069884504191577435, 0.008451545611023903, 0.011671146377921104, 0.016085952520370483, 0.01803446188569069, 0.022195987403392792, 0.012758038938045502, 0.018849585205316544, 0.020347319543361664, 0.014788590371608734, 0.01921568624675274, 0.011974583379924297, 0.005948984529823065, 0.009722176939249039, 0.00965844001621008, 0.00979580357670784, 0.016910206526517868, 0.015639476478099823, 0.017209213227033615, 0.015135562978684902, 0.01654534600675106, 0.006083931308239698, 0.013329517096281052]"
